Nome;Código;Paciente;CPF;Paciente;CPF;Paciente;CPF
Lorenzo Diogo José Mendes;488.674;Júlio Juan Gael Dias;600.828.500-03;Carla Sabina Jesus;306.610.049-96;Juliana Sophie de Paula;354.830.477-02
Isaac Murilo Pereira;450.065;Tiago Enrico Nogueira;273.164.745-05;Antonio Elias Batista;831.302.042-37;Geraldo Paulo Vicente Caldeira;407.186.092-80
Bruna Kamilly do Santos;190.866;Felipe Eduardo Bernardo Santos;753.398.935-02;Márcia Sarah Barbosa;714.228.852-32;José Isaac Campos;101.038.382-52
Aghata Maya Elisa Pires;791.359;Nicole Alice Gonçalves;501.853.051-05;Leonardo Cauã Vieira;706.649.129-74;Isabella Alícia Fernanda Pereira;241.428.830-20
Raimundo Kevin Martins;210.147;Enrico Sérgio da Cruz;220.047.328-14;Caroline Helena Marina Moraes;822.136.318-91;Renata Maria da Silva;379.168.594-27
Gabrielly Daiane Monteiro;876.103;Carolina Isabelle do Nascimento;171.269.323-91;Ana Jéssica Martins;447.410.997-09;Bento Guilherme Moura;466.499.516-41
Julia Brenda Emilly da Cunha;236.346;Benjamin Filipe Novaes;358.667.290-08;Laura Lúcia Lopes;560.950.885-18;Isabelle Carolina Rebeca Almeida;532.459.706-68
Raul Marcelo Campos;87.784;Heloise Marlene Fogaça;010.071.480-39;Hadassa Evelyn Nascimento;899.097.279-51;Gabriel Benedito Cardoso;776.460.435-67
Arthur Ian Figueiredo;762.971;Kevin Márcio Souza;998.814.833-01;Silvana Valentina da Mata;458.586.522-55;Carla Isabela Gomes;306.579.586-89
Calebe Roberto Bernardes;915.239;Lavínia Jéssica Mendes;796.559.613-03;Maria Bárbara Lívia da Rosa;112.329.996-01;Noah Levi Cavalcanti;253.096.942-69
